rating,review
5,"quáº§n Ä‘áº¹p KÃ­ch cá»¡:vá»«a size Cháº¥t liá»‡u:k tá»‘t láº¯m , dá»… tua dÃ£i Kiá»ƒu dÃ¡ng:Ä‘áº¹p"
5,lÃ m Ä‘áº¹p cháº¥t lÆ°á»£ng lÃªn mua váº£i dÃ y dáº·n anh shipper nhiá»‡t tÃ¬nh áº£nh mang tÃ­nh cháº¥t nháº­n xu
1,KÃ­ch cá»¡: XL  MÃ u sáº¯c: Ä‘en  Kiá»ƒu dÃ¡ng: regular fit  Chiá»u ca&CÃ¢n náº·ng: 1m80 70kg Quáº§n á»‘ng suÃ´ng khÃ´ng pháº£i á»‘ng rá»™ng vá»›i láº¡i nháº¯n tin cho shop khÃ´ng thÃ¨m tráº£ lá»i
5,"Vá»«a váº·n hoÃ n háº£o theo kÃ­ch thÆ°á»›c,"
5,Gggggggbhkkhhhhjjggyhcrcrcrzrvib  Ã½ rstcubycrdrdrcrhhh
5,"á»‘ng quáº§n nÃ³ khog cÃ³ rong nhÆ° t nghÄ© , hog cÃ³ phá»§ giÃ y   Chiá»u ca&CÃ¢n náº·ng:m57 48kg  KÃ­ch cá»¡:size M"
5,"HoÃ n háº£o cho cÃ¡c dá»‹p bÃ¬nh thÆ°á»ng hoáº·c trang trá»ng,"
5,NÃ³i chung so vá»›i giÃ¡ tiá»n thÃ¬ nÃ³ cÅ©ng gá»i lÃ  oke ke chá»© k pháº£i tá»‡ q
5,tá»‘t Ä‘áº¹p ğŸ˜˜.
5,"Thiáº¿t káº¿ unisex phong cÃ¡ch,"
5,Tá»‘t
1,Ä‘á»«ng neen mua
2,Quan qua ngan
5,"Phong cÃ¡ch thá»i trang HÃ n Quá»‘c Ä‘áº¹p máº¯t., Thiáº¿t káº¿ rÃ¡ch Ä‘en ráº¥t Ä‘áº¹p., Vá»«a váº·n hoÃ n háº£o vá»›i Ä‘ai co giÃ£n.,"
5,hÃ ng giÃ¡ ráº» nhÆ°ng cháº¥t liá»‡u váº£i ráº¥t Ä‘áº¹p giao hÃ ng giá»‘ng nhÆ° trong hÃ¬nh táº·ng shop 5sao nhÃ©
5,vai tam on.day keo hÆ¡i tá»‡.de bi suc.duong may ko ky lam nha.lÃ²i chá»‰ tÃ¹m lum.
5,"quáº§n váº£i Ä‘áº¹p, shop giao nhanh Ä‘Ãºng máº«u chuáº©n size. con mÃ¬nh máº·c vá»«a Ä‘áº¹p ráº¥t thÃ­ch"
5,"Quáº§n jean Ä‘a nÄƒng cho má»i dá»‹p, Vá»«a váº·n hoÃ n háº£o vá»›i eo co giÃ£n.,"
5,shop giao haÌ€ng khÃ´ng Ä‘uÌng vÆ¡Ìi hiÌ€nh aÌ‰nh. Ä‘ÄƒÌ£t hai saÌ‰n phÃ¢Ì‰m thiÌ€ giao mÃ´Ì£t.
5,"quáº§n ráº¥t Ä‘áº¹p, mÃ¬nh tháº¥y ráº» so vá»›i giÃ¡ ,Ä‘Ãºng size. ship nhanh ,tÆ° váº¥n táº­n tÃ¬nh. ngoÃ i máº«u quáº§n shop cÃ³ ra máº«u Ã¡o láº¡nh mÃ¹a Ä‘Ã´ng mÃ¬nh sáº½ tiáº¿p tá»¥c  á»§ng há»™."
5,ráº¥t tá»‡
1,Kiá»ƒu dÃ¡ng:  hÃ ng qua lÃ  dá»Ÿ quáº§n jen da bÃ² Ä‘áº¥y
1,Cháº¥t liá»‡u:ko Ä‘Ãºng hÃ¬nh
5,Quáº§n Ä‘áº¹p.. váº£i .. from â€¦. DÃ¡ng quáº§n trÃªn ca mong Ä‘á»£i .. mua Ä‘á»£t 2222222222222222222222222222222222222222222222222222222222222222222222222222222222222
5,"Thoáº£i mÃ¡i vÃ  há»£p thá»i trang, GiÃ¡ trá»‹ tuyá»‡t vá»i cho giÃ¡ cáº£, Trang phá»¥c Ä‘Æ°á»ng phá»‘ cháº¥t lÆ°á»£ng cao, Kiá»ƒu dÃ¡ng tháº³ng thá»i trang,"
5,"Chiá»u dÃ i hoÃ n háº£o cho nhá»¯ng chÃ ng trai cao, Quáº§n jean Ä‘en cá»• Ä‘iá»ƒn, Kiá»ƒu dÃ¡ng tháº³ng thá»i trang, Thoáº£i mÃ¡i vÃ  há»£p thá»i trang,"
5,"Trang phá»¥c Ä‘Æ°á»ng phá»‘ cháº¥t lÆ°á»£ng cao, Chiá»u dÃ i hoÃ n háº£o cho nhá»¯ng chÃ ng trai cao, GiÃ¡ trá»‹ tuyá»‡t vá»i cho giÃ¡ cáº£, Äa nÄƒng cho má»i dá»‹p, Äa nÄƒng cho má»i dá»‹p, GiÃ¡ trá»‹ tuyá»‡t vá»i cho giÃ¡ cáº£,"
5,"Bá»n vÃ  bá»n lÃ¢u, Chiá»u dÃ i hoÃ n háº£o cho nhá»¯ng chÃ ng cao, Quáº§n jean mÃ u Ä‘en cá»• Ä‘iá»ƒn, Kiá»ƒu dÃ¡ng tháº³ng lá»‹ch lÃ£m,"
5,"PhÃ¹ há»£p cho má»i dá»‹p, Dá»… dÃ ng phá»‘i Ä‘á»“ vÃ  linh hoáº¡t, Thiáº¿t káº¿ thá»i trang vÃ  phong cÃ¡ch, Thá»i trang HÃ n Quá»‘c cháº¥t lÆ°á»£ng,"
5,quáº§n váº£i bÃ² ok. chiá»u dÃ i thÃ¬ vá»«a nhÆ°ng bá»¥ng quÃ¡ rá»™ng. láº¥y 2 cÃ¡i cÃ¹ng sz L mÃ  vÃ²ng bá»¥ng khÃ¡c nhau. cÃ¡i rá»™ng Ã­t. cÃ¡i rá»™ng nhiá»u
5,c.m
5,to nhÆ° gÃ¬
5,Quáº§n Ä‘Ã n bÃ  ae con trai Ä‘á»«ng mua
5,Tá»‡   ğŸ§µCháº¥t liá»‡u:  tá»‡  ğŸ“KÃ­ch thÆ°á»›c:  oki  ğŸ‘•Phong cÃ¡ch:  nhÆ° cc
1,hÃ ng j váº­y nÃ¨  lá»«a Ä‘áº£o háº£  tá»« sau mn ko Ä‘c xem hÃ ng trc thÃ¬ ko lÃªn mua hÃ ng nhÃ© tui xÃ³a ap nÃ y luÃ´n  bj 1 láº§n lÃ  nghá»‰
1,Shop tháº¥t Ä‘á»©c khÃ´ng cÃ³ tÃ¢m hÃ¬nh áº£nh thÃ¬ Ä‘áº¹p Ä‘áº¥y mÃ  shop cho cÃ¡i quáº§n nhÆ° ráº» lau khÃ´ng giá»‘ng trong hÃ¬nh
1,ğŸ§µCháº¥t liá»‡u:tá»‡   ğŸ“KÃ­ch thÆ°á»›c:tá»‡   ğŸ‘•Phong cÃ¡ch:ko cÃ³ j ngoÃ i tá»‡
1,Ä‘m nhÆ° lá»“n
1,Shop lÃ m Äƒn tháº¥t Ä‘á»©c vá»«a thÃ´i.. Ä‘áº·t 1 kiá»ƒu giao 1 kiá»ƒu.. quáº§n nÃ y lÃ m giáº» lau cÃ²n k Ä‘Ã¡ng
5,mÃ¡ bá»‹ lá»«a rá»“i
5,nhÆ° cc
5,minh nháº­n hÃ ng rÃ´i nha shop. hÃ ng Ä‘áº¹p láº¯m. giÃ¡ vá»«a pháº£i. báº­n vá»«a váº·n . shop tÆ° váº¥n nhiá»‡t tÃ¬nh+ phuc vu tá»‘t.
5,"cháº¥t liá»‡u mÃ¡t, Ä‘Æ°á»ng may Ä‘áº¹p ko cÃ³ chá»‰ thá»«a, kiá»ƒu dÃ¡ng tráº» trung, mÃ u sáº¯c Ä‘áº¹p áº¡. giao hÃ ng nhanh, Ä‘Ã³ng gÃ³i cáº©n tháº­n, cháº¥t váº£i mÃ¡t, máº¯c ráº¥t thoáº£i mÃ¡i. ráº¥t Ä‘Ã¡ng tiá»n. mÃ¬nh sáº½ á»§ng há»™ shop lÃ¢u dÃ "
5,ThÃ­ch tháº­t Ä‘á»“ máº·c vá»«a nhÆ° may váº­y+ Ä‘Æ°á»ng chá»‰ ráº¥t cháº¯c vÃ  Ä‘áº¹p.Váº£i dÃ y nhÆ°ng máº·c ráº¥t mÃ¡t vÃ  thoáº£i mÃ¡i ko há» bá»‹ ngá»©afollow shop ngay vÃ  luÃ´n.Ä‘á»“ tráº» trung hiá»‡n Ä‘áº¡i+dÃ nh cho nhá»¯ng báº¡n tráº» nanwng Ä‘á»™ng+y nhÆ° mÃ¬nh váº­y .hhahahah cháº¥t váº£i tá»‘t+in áº¥n dang hoÃ ng+giÃ¡ thÃ nh láº¡i ráº»+khÃ´ng cÃ³ lÃ­ do j mÃ¬nh kh mua thÃªm.thanks nhÃ©
5,Ä‘á»“ giá»‘ng hÃ¬nh+ sáº» á»§ng há»™ shop nhiá»u chÆ°a thá»­ Ä‘á»“+ giao Ä‘Ãºng máº«u+ cÆ¡ báº£n giá»‘ng hÃ¬nh+ sáº½ ghÃ© shop tiáº¿p.
5,Äá»“ xinh xá»‰u cháº¥t má»m mÃ¡t giÃ¡ láº¡i ráº» ná»¯a shop giao hÃ ng nhanh vÃ  Ä‘Ã³ng gÃ³i cáº©n tháº­n. Æ¯ng quÃ¡ trá»i sáº½ á»§ng há»™ shop dÃ i dÃ i nha
1,khÃ´ng giá»‘ng trong hÃ¬nh.  k Ä‘Ãºng cá»¡.  nhÆ° kiá»ƒu báº­n rá»“i má»›i Ä‘em bÃ¡n váº­y.  giÃ¡ nÃ o cá»§a náº¥y nhÆ°ng cho trÃ¢n tháº­t chÃºt Ä‘i.
5,"Thoáº£i mÃ¡i vÃ  phong cÃ¡ch, Váº» ngoÃ i thá»i trang vÃ  há»£p xu hÆ°á»›ng, HoÃ n háº£o cho phong cÃ¡ch thÆ°á»ng ngÃ y vÃ  Ä‘Æ°á»ng phá»‘,"
5,"HoÃ n háº£o cho phong cÃ¡ch thÆ°á»ng ngÃ y vÃ  phong cÃ¡ch Ä‘Æ°á»ng phá»‘, Váº» ngoÃ i thá»i trang vÃ  trendy, Dá»… báº£o quáº£n vÃ  duy trÃ¬,"
5,"Thiáº¿t káº¿ Ä‘á»™c Ä‘Ã¡o vÃ  thá»i trang, Äa dáº¡ng vÃ  dá»… káº¿t há»£p, HoÃ n háº£o cho phong cÃ¡ch thÆ°á»ng ngÃ y vÃ  phong cÃ¡ch Ä‘Æ°á»ng phá»‘, shop gá»­i hÃ ng Ä‘Ãºng máº«u Ä‘Ã£ Ä‘áº·t quÃ¢n Ä‘áº¹p nhÃ©..!"
5,"Quáº§n jean nam cháº¥t lÆ°á»£ng láº¯m luÃ´n áº¡, ngoÃ i mong Ä‘á»£i cá»§a mÃ¬nh luÃ´n, láº¡i pháº£i vÃ o trong shop tÃ¬m thÃªm máº¥y chiáº¿c ná»¯a rá»“i"
5,"Thoáº£i mÃ¡i vÃ  phong cÃ¡ch, GiÃ¡ trá»‹ tuyá»‡t vá»i cho giÃ¡ tiá»n, Thiáº¿t káº¿ Ä‘á»™c Ä‘Ã¡o vÃ  thá»i trang, Cháº¥t liá»‡u cao cáº¥p, Thoáº£i mÃ¡i vÃ  phong cÃ¡ch, GiÃ¡ trá»‹ tuyá»‡t vá»i cho giÃ¡ tiá»n, Thiáº¿t káº¿ Ä‘á»™c Ä‘Ã¡o vÃ  thá»i trang, Thiáº¿t káº¿ Ä‘á»™c Ä‘Ã¡o vÃ  thá»i trang,"
5,"Cháº¥t liá»‡u vÃ  mÃ u sáº¯c á»•n, cháº¥t lÆ°á»£ng phÃ¹ há»£p vá»›i giÃ¡ bÃ¡n áº£nh vÃ  video khÃ´ng liÃªn quan nha."
5,"Form dÃ¡ng skinny theo xu hÆ°á»›ng,"
5,"Thoáº£i mÃ¡i vÃ  co giÃ£n,"
5,Ä‘áº¹p i hÃ¬nh
5,Ä‘ep
5,"Quáº§n jean denim cháº¥t lÆ°á»£ng cao, Äá»™c Ä‘Ã¡o vÃ  thá»i trang, Äá»™c Ä‘Ã¡o vÃ  thá»i trang, Thiáº¿t káº¿ má»›i vÃ  há»£p thá»i trang, Cháº¥t liá»‡u denim cháº¥t lÆ°á»£ng cao, Thoáº£i mÃ¡i vÃ  linh hoáº¡t, HoÃ n háº£o cho váº» ngoÃ i giáº£n dá»‹ vÃ  thá»i trang, GiÃ¡ trá»‹ tuyá»‡t vá»i cho giÃ¡ cáº£, MÃ u Ä‘en Ä‘a nÄƒng, HoÃ n háº£o cho váº» ngoÃ i giáº£n dá»‹ vÃ  thá»i trang,"
5,shop uy tin giao hÃ ng Ä‘Ãºng máº«u tÆ° váº¥n Ä‘Ãºng sáº£n pháº©m luÃ´n nÃ¨
5,quáº§n kh Ä‘Ãºng máº·t hÃ ng xáº¥u vc Ä‘á»«ng mua nha má»i ngÆ°á»i Ä‘áº·t má»™t kiá»ƒu shipp má»™t kiá»ƒu
5,"GiÃ¡ trá»‹ tuyá»‡t vá»i cho giÃ¡ cáº£, ThÃªu chi tiáº¿t thÃªm phong cÃ¡ch, Äá»™c Ä‘Ã¡o vÃ  thá»i trang,"
5,quáº§n xáº¥u nhÆ° chÃ³ cÅ©ng Ä‘em ra bÃ¡n Ä‘c háº£ áº£o canada Ã­t thÃ´i ğŸ˜
5,"Quáº§n co dÃ£n tá»‘t , form chuáº©n , chÆ°a giáº·t nÃªn khÃ´ng biáº¿t cÃ³ phai mÃ u hay ra mÃ u khÃ´ng ? sÄƒn Ä‘Æ°á»£c giÃ¡ ráº» nÃªn ráº¥t Æ°ng Ã½ nha ğŸ™‚ğŸ™‚ğŸ™‚ğŸ™‚ğŸ™‚ğŸ™‚ğŸ™‚"
5,"DÃ¡ng Ã´m gá»n cho váº» ngoÃ i thá»i trang, Quáº§n jean thá»a mÃ£n vÃ  thoáº£i mÃ¡i, Tháº¯t lÆ°ng co giÃ£n Ä‘á»ƒ vá»«a váº·n hoÃ n háº£o, ÄÆ°á»ng may sáº¯c nÃ©t vÃ  gá»n gÃ ng, Tháº¯t lÆ°ng co giÃ£n Ä‘á»ƒ vá»«a váº·n hoÃ n háº£o,"
5,Cháº¥t liá»‡u:  co giÃ£n tá»‘t   KÃ­ch cá»¡:  vá»«a váº·n Ä‘áº¹p   MÃ u sáº¯c:  ok ğŸ‘   Kiá»ƒu dÃ¡ng:  gá»n gÃ ng ráº¥t vá»«a váº·n  Sáº£n pháº©m giao Ä‘Ãºng nhÆ° quáº£ng cÃ¡o
5,"Quáº§n jean co giÃ£n vÃ  chá»‘ng nhÄƒn, Quáº§n jean Ä‘em láº¡i sá»± hÃ i lÃ²ng vÃ  thoáº£i mÃ¡i, MÃ u Ä‘en sang trá»ng vÃ  thá»i trang, Thoáº£i mÃ¡i khi máº·c cáº£ ngÃ y,"
5,"Quáº§n jean thá»a mÃ£n vÃ  thoáº£i mÃ¡i, Tháº¯t lÆ°ng co giÃ£n Ä‘á»ƒ vá»«a váº·n hoÃ n háº£o  mua láº§n 2 rá»“i láº§n trc vá»£ Ä‘áº·t dÃ¹m máº·c vá»«a y Ã  chuáº©n from quáº§n bao co giÃ£n lun Ä‘á»©g lÃªn ngá»“i xuá»‘ng leo trÃ¨o thoáº£i mÃ¡i nhÆ° máº·c quáº§n Ä‘Ã¹i cháº¥t quáº§n cÅ©ng dÃ y dáº·n hÆ¡n máº¥y shop khÃ¡c giÃ¡ quáº§n nÃ y ra ngoÃ i khÃ´ng dÆ°á»›i 200k thá» luÃ´n"
5,"Váº£i giÃ y dáº·n, k co giÃ£n mÃ u giá»‘ng y áº£nh nha, m nghÄ© mÃ¹a hÃ¨ máº·c sáº½ hÆ¡i nÃ³ng nhma Ä‘áº¹p láº¯m áº¡ 1m62 55kg mk nháº¯n cáº£ cho shop sá»‘ Ä‘o Ä‘Ã¹i vÃ  mÃ´ng eo lÃ  shop tÆ° váº¥n size M mÃ  k lá»‡ch cm nÃ u luÃ´n aa B nÃ o muá»‘n máº·c rá»™ng thÃ¬ cÅ©ng chá»‰ nÃªn máº·c theo size shop tÆ° váº¥n thÃ´i nhÃ© , chá»© mÃ¬nh tháº¥y m máº·c váº§y lÃ  thoáº£i mÃ¡i mÃ  quáº§n cÅ©ng dÃ¡ng rá»™ng sáºµn nÃªn lÃ  k lo Ä‘Ã¢u, trc m cÅ©ng Ä‘áº·t lÃªn size shop tÆ° váº¥n 1 size mÃ  nÃ³ to láº¯m luÃ´n áº¥y nÃªn cÃ³ váº­y thÃ¬ cÅ©ng nÃªn há»i láº¡i shop nhaaa chÃºc mn mua hÃ ng vui váº», Quá»‘c KhÃ¡nh vui váº» aaa"
5,"LÃ½ tÆ°á»Ÿng cho trang phá»¥c thÆ°á»ng ngÃ y vÃ  sang trá»ng, Phong cÃ¡ch Ä‘a nÄƒng vÃ  tráº» trung, TÃ­nh nÄƒng push up tÃ´n lÃªn Ä‘Æ°á»ng cong,"
5,"LÃ½ tÆ°á»Ÿng cho trang phá»¥c thÆ°á»ng ngÃ y vÃ  sang trá»ng, Eo cao giÃºp Ã´m vá»«a váº·n vÃ  tÃ´n dÃ¡ng, Cháº¥t liá»‡u denim cháº¥t lÆ°á»£ng, Phong cÃ¡ch HÃ n Quá»‘c thá»i thÆ°á»£ng, Kiá»ƒu dÃ¡ng rá»™ng rÃ£i thoáº£i mÃ¡i vÃ  phong cÃ¡ch, Phong cÃ¡ch Ä‘a nÄƒng vÃ  tráº» trung, Chiá»u dÃ i Ä‘áº¿n máº¯t cÃ¡ táº¡o váº» hiá»‡n Ä‘áº¡i, MÃ u sáº¯c thá»i thÆ°á»£ng vÃ  phong cÃ¡ch,"
5,"DÃ i Ä‘áº¿n máº¯t cÃ¡ chÃ¢n cho váº» ngoÃ i hiá»‡n Ä‘áº¡i, DÃ¡ng rá»™ng thoáº£i mÃ¡i vÃ  phong cÃ¡ch, Thiáº¿t káº¿ cá»• Ä‘iá»ƒn vá»›i nÃ©t hiá»‡n Ä‘áº¡i, DÃ¡ng rá»™ng thoáº£i mÃ¡i vÃ  phong cÃ¡ch, DÃ i Ä‘áº¿n máº¯t cÃ¡ chÃ¢n cho váº» ngoÃ i hiá»‡n Ä‘áº¡i,"
5,"Cháº¥t liá»‡u:  .  KÃ­ch cá»¡:  .  Kiá»ƒu dÃ¡ng:  suÃ´ng  Kiá»ƒu dÃ¡ng:  suÃ´ng Äa nÄƒng vÃ  tráº» trung,  MÃ u sáº¯c thá»i trang vÃ  há»£p xu hÆ°á»›ng, DÃ¡ng rá»™ng thoáº£i mÃ¡i vÃ  phong cÃ¡ch,"
5,KÃ­ch cá»¡:Sai má»™t cÃ¡i mÆ°a 31 giÃ¡o 32 hÃ i cÃ¡i cÃ²n láº¡i bá»‹ cáº¯t máº¥t sá»‘ size nhÆ°ng hÃªn máº·t vá»«a.
5,"Kiá»ƒu dÃ¡ng Ã´m vá»«a váº·n thoáº£i mÃ¡i, KhÃ´ng bá»‹ phai mÃ u, Nhiá»u lá»±a chá»n kÃ­ch cá»¡,"
5,"Shop giao sai máº§u, Ä‘áº·t mua máº§u xanh nháº¡t mÃ  Shop giao máº§u Ä‘en. giao Ä‘Ãºng size. ................"
5,"Nhiá»u mÃ u sáº¯c Ä‘áº¹p, NÃºt cÃ i cháº¯c cháº¯n, Váº£i má»m má»‹n, KhÃ´ng bá»‹ phai mÃ u, Kiá»ƒu dÃ¡ng Ã´m vá»«a váº·n thoáº£i mÃ¡i, Thiáº¿t káº¿ Ä‘á»™c Ä‘Ã¡o, tÃ´n dÃ¡ng, Nhiá»u lá»±a chá»n kÃ­ch cá»¡,"
5,"phá»¥ há»£p vá»›i giÃ¡ tiá»n, Ä‘áº¹p vÃ  ráº» ná»¯a.hon cáº£ mong Ä‘á»£i"
5,"MÃ¬nh Ä‘Ã£ nháº­n Ä‘Æ°á»£c hÃ ng, váº­n chuyá»ƒn khÃ¡ nhanh chÃ³ng,cháº¥t lÆ°á»£ng quáº§n tÆ°Æ¡ng xá»©ng vá»›i giÃ¡ tiá»n, hÆ¡i tiáº¿c vÃ¬ shop báº£o á»‘ng 26. tháº­t ra chá»‰ Ä‘c 20."
5,"Dá»… dÃ ng káº¿t há»£p vá»›i nhiá»u loáº¡i Ã¡o khÃ¡c nhau,"
5,"Form rá»™ng rÃ£i phÃ¹ há»£p cho cáº£ nam vÃ  ná»¯,"
5,Tá»‘t
3,khÃ´ng giá»‘ng vá»›i mÃ´ táº£
1,Ä‘Æ¡n hÃ ng k giá»‘ng trong áº£nh
2,lá»«a bá»‹p
5,Giao khÃ´ng Ä‘Ãºng theo máº«u á»Ÿ trÃªn
5,Äá»‹t con máº¹ mÃ y gá»­i cho bÃ  tháº¿ ak cÃ¡i Ä‘á»“ lá»«a Ä‘áº£o
5,"Váº£i co giÃ£n vÃ  linh hoáº¡t, Thiáº¿t káº¿ gáº¥u dá»… thÆ°Æ¡ng!, Tuyá»‡t vá»i cho viá»‡c máº·c hÃ ng ngÃ y"
5,shop lá»«a Ä‘á»«ng nghe coi chá»«ng vÃ´ lá»±a nÃ³ gá»Ÿi vá» cho cÃ¡i Ã¡o cÅ© nhÃ© cÃ¡c bÃ¡c
5,Ä‘Ã£ nháº­n hÃ ng nhÆ°ng khÃ´ng giá»‘ng trong hÃ¬nh khÃ´ng cháº¥t lÆ°á»£ng
5,shop lá»«a Ä‘áº£o treo Ä‘áº§u dÃª bÃ¡n thá»‹t chÃ³
5,giao hÃ ng ko Ä‘Ãºng quáº§n.hoa Ä‘ien lanh
5,Sáº£n pháº©m y nhÆ° hÃ¬nh chÃºc shop luÃ´n phÃ¡t. triá»ƒn sáº½ cÃ²n quay láº¡i á»§ng há»™ shop
5,"Cháº¥t liá»‡u co dÃ£n cao cáº¥p, HoÃ n háº£o cho phong cÃ¡ch thoáº£i mÃ¡i vÃ  thá»i trang, DÃ¢y chun á»Ÿ eo táº¡o cáº£m giÃ¡c thoáº£i mÃ¡i,"
5,"Cháº¥t liá»‡u lá»¥a má»‹n mÃ ng, Cháº¥t liá»‡u satin lá»¥a cao cáº¥p, Sáº£n xuáº¥t táº¡i Viá»‡t Nam, Dá»… káº¿t há»£p vá»›i má»i loáº¡i quáº§n,"
5,HÃ ng hÆ¡i rá»™ng cháº¥t lÆ°á»£ng tá»‘t
5,"Em 49kg máº·c size 28 á»•n , shop giao hÃ ng ráº¥t nhanh. gÃ³i Ä‘áº¹p kÃ¨m thÆ° cáº£m Æ¡n , quáº§n giÃ¡ ráº» ráº¥t Ä‘áº¹p luÃ´n giá»‘ng hÃ¬nh , mn á»§ng há»™ nha"
2,"Ä‘Æ¡n hÃ ng trÆ°á»›c TÃ´i yÃªu cáº§u mÃ u XANH, shop láº¡i gá»­i mÃ u XÃM, TÃ´i nghÄ© lÃ  shop giao nháº§m. láº§n nÃ y Ä‘áº·t hÃ ng TÃ´i cÅ©ng yÃªu cáº§u mÃ u XANH vÃ  Ä‘Ã£ thÃªm nháº¯n tin cá»¥ thá»ƒ mÃ  khi nháº­n váº«n gá»­i mÃ u XÃM ??? TÃ´i chá»‰ thÃ­ch mÃ u XANH, Ä‘á»‹nh tráº£ láº¡i háº¿t nhÆ°ng nghÄ© giÃ¡ trá»‹ khÃ´ng nhiá»u, mÃ  láº¡i gá»­i tá»« nÆ°á»›c ngoÃ i. CHáº®C CHá»ˆ CÃ’N MÃ€U XÃM, nÃªn khÃ¡ch chá»n mÃ u: XANH, XÃM, NHáº T, ÄEN, shop cÅ©ng giao mÃ u XÃM."
5,"ÄÃ£ mua chiáº¿c thá»© 3, phÃ¹ há»£p máº·c Ä‘i chÆ¡i. LÃ½ tÆ°á»Ÿng cho trang phá»¥c cÃ¡ nhÃ¢n vÃ  thá»i trang, Thiáº¿t káº¿ á»‘ng rá»™ng, phong cÃ¡ch, GiÃ¡ trá»‹ tuyá»‡t vá»i cho giÃ¡ tiá»n, Form rá»™ng thoáº£i mÃ¡i, DÃ¢y thun co giÃ£n, Ã´m vá»«a váº·n, Bá»n vÃ  bá»n lÃ¢u, Cháº¥t liá»‡u thoÃ¡ng mÃ¡t vÃ  thoáº£i mÃ¡i, Quáº§n jean Ä‘a nÄƒng cho nhiá»u dá»‹p,"
5,"Váº£i ráº¥t OK nhÆ°ng hÆ¡i mÃ¹i thuá»‘c táº©y tráº¯ng, bÃ¬nh thÆ°á»ng váº«n máº·c sá»‘ 36 nhÆ°ng láº§n nÃ y mua sá»‘ 34 mÃ  quáº§n dÃ i Ä‘áº¿n 1,2m, nÃªn nhÆ°á»ng cho Ã´ng con vÃ¬ pháº£i chiá»u cao 1,85m cá»§a nÃ³ má»›i vá»«a, ğŸ˜…ğŸ˜‚ğŸ¤£.  -Quáº§n jean Ä‘a nÄƒng cho nhiá»u dá»‹p,  -Form rá»™ng thoáº£i mÃ¡i,  -LÃ½ tÆ°á»Ÿng cho trang phá»¥c cÃ¡ nhÃ¢n vÃ  thá»i trang,  -Bá»n vÃ  bá»n lÃ¢u,  -Nhiá»u mÃ u sáº¯c Ä‘á»ƒ lá»±a chá»n,  - Cháº¥t liá»‡u thoÃ¡ng mÃ¡t vÃ  thoáº£i mÃ¡i."
5,ğŸ§µCháº¥t liá»‡u:á»•n   ğŸ“KÃ­ch thÆ°á»›c:vá»«a   ğŸ‘•Phong cÃ¡ch:tam dc
5,"Gia hÃ ng khÃ´ng Ä‘Ãºng sá»‘, dá» nghá»‹ Ä‘á»•i láº¡i sá»‘ lá»›n 34"
5,bÃ¡n hÃ ng nhÆ° Ä‘áº§u Ä‘uá»“i  Ã 
5,shop nhÆ° cc
5,Lá»«a Ä‘áº£o
5,nhÆ° cc
1,Sai sáº£n pháº©m ko nhÆ° quáº£ng cÃ¡o
5,"Nhá»¯ng chiáº¿c quáº§n jean nÃ y giá»¯ dÃ¡ng ráº¥t tá»‘t., Quáº§n jean Ä‘Æ°á»£c lÃ m tá»« cháº¥t liá»‡u cao cáº¥p., TÃ´i thÃ­ch sá»± Ä‘a dáº¡ng vá» kÃ­ch cá»¡ cÃ³ sáºµn.,"
5,"Quáº§n Ä‘áº¹p giao hÃ ng nhanh sáº½ tiáº¿p tá»¥c á»§ng há»™ shopQuáº§n jeans nÃ y giá»¯ dÃ¡ng ráº¥t tá»‘t.,"
5,"ÄÃ£ nháº­n Ä‘Æ°á»£c hÃ ng, quáº§n táº¡m á»•n  giáº·t khong ra mÃ u ,dÃ¹ng máº·t cÅ©ng á»•n ."
5,mua hai cÃ¡i mÃ u xanh vá»›i xÃ¡m mÃ  giao mÃ u Ä‘en vá»›i xÃ¡m ká»³ váº­y.quáº§n k Ä‘Ãºng size lá»›n quÃ¡ luÃ´n
5,"Quáº§n ráº¥t Ä‘áº¹p, Má»i ngÆ°á»i nÃªn mua. Giao hÃ ng nhanh. HÃ¬nh áº£nh mang tÃ­nh nháº­n xu."
1,Äáº·t mÃ u Ä‘en thÃ¬ gá»Ÿi mÃ u xÃ¡m
5,Chiá»u ca&CÃ¢n náº·ng: tot    KÃ­ch cá»¡:28  MÃ u sáº¯c:den  Kiá»ƒu dÃ¡ng:from
5,"MÃ u Ä‘en táº¡o Ä‘iá»ƒm nháº¥n thá»i trang., MÃ u Ä‘en táº¡o Ä‘iá»ƒm nháº¥n thá»i trang., MÃ u Ä‘en táº¡o Ä‘iá»ƒm nháº¥n thá»i trang., MÃ u Ä‘en táº¡o Ä‘iá»ƒm nháº¥n thá»i trang., MÃ u Ä‘en táº¡o Ä‘iá»ƒm nháº¥n thá»i trang., MÃ u Ä‘en táº¡o Ä‘iá»ƒm nháº¥n thá»i trang., MÃ u Ä‘en táº¡o Ä‘iá»ƒm nháº¥n thá»i trang., MÃ u Ä‘en táº¡o Ä‘iá»ƒm nháº¥n thá»i trang., MÃ u Ä‘en táº¡o Ä‘iá»ƒm nháº¥n thá»i trang., MÃ u Ä‘en táº¡o Ä‘iá»ƒm nháº¥n thá»i trang.,"
5,Cháº¥t liá»‡u:dksnsnahhqhqbajaiaanjaiaanjaoajaanajiaiaakak  KÃ­ch cá»¡:lkk  MÃ u sáº¯c:lkk  Kiá»ƒu dÃ¡ng:mnn mmkkmmm
5,"ok con dÃª GiÃ¡ trá»‹ tuyá»‡t vá»i cho giÃ¡ tiá»n., DÃ¢y Ä‘ai co giÃ£n táº¡o sá»± thoáº£i mÃ¡i.,"
5,"DÃ¢y Ä‘ai co giÃ£n táº¡o sá»± thoáº£i mÃ¡i., Cháº¥t liá»‡u co giÃ£n vÃ  thoáº£i mÃ¡i., YÃªu thiáº¿t káº¿ rÃ¡ch Ä‘á»™c Ä‘Ã¡o., Video hiá»ƒn thá»‹ chi tiáº¿t cá»§a quáº§n jeans má»™t cÃ¡ch chÃ­nh xÃ¡c.,"
5,Ä‘áº¹p quÃ¡ gghhhhhhhhhhhhhhhhhhbbhhbbbbbbbbbbbbbbbbbbbbbb
5,k giá»‘ng báº¯t cá»© gÃ¬ háº¿t xem mÃ  k muá»‘n nháº­n hÃ ng . tá»™i cho máº¥y ngÆ°á»i giao. shop lÃ m Äƒn máº¥t quy tÃ­n quÃ¡
5,Quáº§n thÃ¬ nhÆ° lÃ²n ko Ä‘Ãºng sáº£n pháº©m 1sao
1,táº¡i sao láº¡i giao cho tÃ´i quáº§n Ã¢u
1,ğŸ§µCháº¥t liá»‡u:nhÆ° cáº·c
5,Ä‘ang hot trend láº¯m. mang siÃªu tá»‘n dÃ¡ng
5,sáº£n pháº©m ok
5,Äá»“ Ä‘áº¹p
5,ok
5,"KÃ­ch cá»¡:vá»«a in luÃ´n  Kiá»ƒu dÃ¡ng:Ä‘áº¹p quáº§n Ä‘áº¹p,Ä‘Ãºg máº«u sáº½ á»§ng há»™ shop láº§n sau áº¡,chÃºc shop Ä‘áº§u thÃ¡g nhiá»u lá»™c lÃ¡â˜ºï¸"
5,Cháº¥t liá»‡u:  xáº¥u  KÃ­ch cá»¡:  mua s mÃ  nhÆ° L  Kiá»ƒu dÃ¡ng:  xáº¥u  Kiá»ƒu dÃ¡ng:  xáº¥u
5,quáº§n ok cháº¥t liá»‡u khÃ¡ Ä‘áº¹p mÃ¬nh m50 size s máº·c vá»«a hÆ¡i dÃ i má»™t tÃ­ nhÆ°ng mik ko thÃ­ch pháº§n rÃ¡ch á»Ÿ Ä‘áº§u gá»‘i máº·c lÃªn ko Ä‘áº¹p máº§y hÆ¡i nhiá»u chá»‰ thá»«a á»Ÿ pháº§n chÃ¢n thÃ¬ ko Ä‘á»u pháº£i Ä‘i cáº¯t
5,"Quáº§n jeans cháº¥t lÆ°á»£ng tuyá»‡t vá»i., Quáº§n jeans co giÃ£n Ä‘áº¹p., Kiá»ƒu dÃ¡ng quáº§n thá»i trang vÃ  hiá»‡n Ä‘áº¡i.,"
5,ok mmmmmmmmmmmmmkkkddÄ‘jnjdbghshdnnfnxnxndjdhekrkgmksheh
5,"Láº§n nÃ y váº£i má»ng hÆ¡n 2 láº§n trÆ°á»›c, Ä‘áº·t biá»‡t mÃ u xanh size nhá» hÆ¡n mÃ u Ä‘en, váº«n vá»«a nhÆ°ng thÃ nh nhÆ° quáº§n bÃ³"
5,Cháº¥t liá»‡u:tá»‘t   KÃ­ch cá»¡:hÆ¡i rá»™ng   MÃ u sáº¯c:chuáº©n   Kiá»ƒu dÃ¡ng:Ä‘áº¹p  Shop giao hÃ ng giá»‘ng nhÆ° mÃ´ táº£. Tks
5,quáº§n giá»‘ng nhÆ° hÃ¬nh Ä‘áº¹p nÃªn mua
5,Äáº¹p
5,"Vá»«a váº·n hoÃ n háº£o vá»›i eo giá»¯a.,"
5,á»m ko hiá»ƒu sao chá»© nhÃ¬n quáº§n hÆ¡i khÃ¡c vs máº«u
5,"Shop Ä‘Ã³ng gÃ³i hÃ ng cáº©n tháº­n, giao hÃ ng nhanh áº¡. Cháº¥t Ã¡o phÃ¹ há»£p vs giÃ¡ tiá»n mk khÃ¡ lÃ  Æ°ng Ä‘Ã£ mua láº¡i láº§n 2"
1,QuÃ¡ tháº¥t vá»ng  Äáº·t quáº§n bÃ² ra quáº§n váº£i shop lÃ m Äƒn lá»«a Ä‘áº£o Ã 
5,dao nhiÃªu nhÆ° hÃ ng ko Ä‘Ãºng máº«u hÃ ng áº¡
1,giao sai sáº£n pháº©m .sai máº«u
5,Giao khÃ´ng rá»“i shop mua 2 cÃ¡i 2 máº©u giao 2 cÃ³ máº©u 1 tháº­t sá»± mÃ¬nh khÃ´ng hÃ y lÃ²ng chÃºc nÃ o ğŸ˜¢
5,"High-quality denim material, Versatile and easy to style, Perfect for a casual street look,"
5,quáº§n Ä‘áº¹p mang hÃ¡ch dÃ¡ng
5,"Cháº¥t liá»‡u denim cháº¥t lÆ°á»£ng cao,"
5,KÃ­ch cá»¡:ksksskssnssnsnssndndjdnddndnddnddnd
5,quáº§n sai s mÃ  quÃ¡ rá»™ng. 1dao
5,Tuyá»‡t vá»i luÃ´n nha
5,Quáº§n tuyá»‡t vá»i láº¯m
5,Pháº£i nÃ³i lÃ  quÃ¡ tuyá»‡t vá»i luÃ´n nha
5,QuÃ¡ xuáº¥t sáº¯c Ä‘áº¹p Ä‘áº¿n tá»«ng chi tiáº¿t MÃ¬nh ráº¥t hÃ i lÃ²ng vá» sáº£n pháº©m Tháº­t tuyá»‡t vá»i sáº½ á»§ng há»™ shop
5,Äá»“ shop Ä‘áº¹p giao nhanh láº¯m shop uy tÃ­n  á»¦ng há»™ shop nÃ y  Cho shop 10 sao luÃ´n
5,"Cháº¥t liá»‡u:  cháº¥t liá»‡u váº£i Ä‘áº¹p mÃ u sáº¯c khÃ¡ báº¯t máº¯t sile 4xl vá»«a vá»›i nam cao 1,75m náº·ng 72 kilo"
5,Váº­t liá»‡u: Ä‘áº¹p \ N KÃ­ch thÆ°á»›c: Ä‘áº¹p \ n thiáº¿t káº¿: Ä‘áº¹p
5,"Quáº§n jean denim cháº¥t lÆ°á»£ng cao, Äá»™c Ä‘Ã¡o vÃ  thá»i trang, Äá»™c Ä‘Ã¡o vÃ  thá»i trang, Thiáº¿t káº¿ má»›i vÃ  há»£p thá»i trang, Cháº¥t liá»‡u denim cháº¥t lÆ°á»£ng cao, Thoáº£i mÃ¡i vÃ  linh hoáº¡t, HoÃ n háº£o cho váº» ngoÃ i giáº£n dá»‹ vÃ  thá»i trang, GiÃ¡ trá»‹ tuyá»‡t vá»i cho giÃ¡ cáº£, MÃ u Ä‘en Ä‘a nÄƒng, HoÃ n háº£o cho váº» ngoÃ i giáº£n dá»‹ vÃ  thá»i trang,"
5,shop uy tin giao hÃ ng Ä‘Ãºng máº«u tÆ° váº¥n Ä‘Ãºng sáº£n pháº©m luÃ´n nÃ¨
5,quáº§n kh Ä‘Ãºng máº·t hÃ ng xáº¥u vc Ä‘á»«ng mua nha má»i ngÆ°á»i Ä‘áº·t má»™t kiá»ƒu shipp má»™t kiá»ƒu
5,"GiÃ¡ trá»‹ tuyá»‡t vá»i cho giÃ¡ cáº£, ThÃªu chi tiáº¿t thÃªm phong cÃ¡ch, Äá»™c Ä‘Ã¡o vÃ  thá»i trang,"
5,quáº§n xáº¥u nhÆ° chÃ³ cÅ©ng Ä‘em ra bÃ¡n Ä‘c háº£ áº£o canada Ã­t thÃ´i ğŸ˜
5,"shiper giao hÃ ng ráº¥t nhiá»‡t tÃ¬nh. 5* cho ngÆ°á»i giao hÃ ng nhÃ©. cháº¥t váº£i má»ng nháº¹,  co giÃ£n nháº¹, váº£i cÃ³ váº» xÃ¹ lÃ´ng, k lÃ¡ng mÆ°á»›t tay láº¯m.  Cháº¥t liá»‡u:jean má»ng"
5,"váº£i má»ng mÃ¡t há»£p lÃ½ cho mÃ¹a hÃ¨. kÃ­ch thá»©c vá»«a váº·n rá»™ng rÃ£i thoáº£i mÃ¡i. ngáº¡i chá»¥p hÃ¬nh nÃªn minh hoáº¡ thÃ´i Quáº§n jean má»m máº¡i vÃ  thoáº£i mÃ¡i,"
5,"Vá»«a váº·n vÃ  tÃ´n dÃ¡ng tuyá»‡t vá»i, MÃ u xanh nháº¡t thá»i trang, ThÆ°Æ¡ng hiá»‡u cháº¥t lÆ°á»£ng cao tá»« OMG, hÃ¬nh áº£nh chi mang tÃ­nh cháº¥t nháº­n xu nhÃ©"
5,"MÃ u Ä‘en sang trá»ng vÃ  thá»i thÆ°á»£ng, Thiáº¿t káº¿ thá»i trang vá»›i Ä‘Æ°á»ng gÃ¢n trang trÃ­, Quáº§n jean linh hoáº¡t cho má»i dá»‹p,"
5,"Vá»«a váº·n vÃ  tÃ´n dÃ¡ng tuyá»‡t vá»i, Quáº§n jean linh hoáº¡t cho má»i dá»‹p, Quáº§n jean má»m máº¡i vÃ  thoáº£i mÃ¡i, Thiáº¿t káº¿ thá»i trang vá»›i Ä‘Æ°á»ng gÃ¢n trang trÃ­,"
5,"quality not bad, fitting. recommend to try"
5,Nhá»¯ng gÃ¬ báº¡n tháº¥y lÃ  nhá»¯ng gÃ¬ báº¡n nháº­n Ä‘Æ°á»£c... Ä‘Ãºng vá»›i kÃ­ch thÆ°á»›c cá»§a nÃ³... Con Trai TÃ´i thÃ­ch nÃ³...
5,"Giao hÃ ng nhanh, tá»‘t, quáº§n jean nháº¹ .. KÃ­ch cá»¡ vá»«a váº·n, mÃ u Ä‘áº¹p, cáº£m Æ¡n ngÆ°á»i bÃ¡n"
5,mua xÃ¡m láº¡i Ä‘Æ°a mÃ u xanh
5,Äáº¹p - vá»«a mÃ¬nh cáº£m Æ¡n shop nhiá»u ( chá»‰ cÃ³ Ä‘iá»u giao hÃ ng hÆ¡i lÃ¢u tÃ­ ) cÃ³ dá»‹p mÃ¬nh mua ná»¯a nha
5,"Äá»™ cao vá»«a phÃ¹ há»£p, tÃ´n dÃ¡ng., Äá»™ cao vá»«a phÃ¹ há»£p, tÃ´n dÃ¡ng., Äá»™ cao vá»«a phÃ¹ há»£p, tÃ´n dÃ¡ng., Äá»™ cao vá»«a phÃ¹ há»£p, tÃ´n dÃ¡ng., Äá»™ cao vá»«a phÃ¹ há»£p, tÃ´n dÃ¡ng., Äá»™ cao vá»«a phÃ¹ há»£p, tÃ´n dÃ¡ng., Äá»™ cao vá»«a phÃ¹ há»£p, tÃ´n dÃ¡ng., Äá»™ cao vá»«a phÃ¹ há»£p, tÃ´n dÃ¡ng., Äá»™ cao vá»«a phÃ¹ há»£p, tÃ´n dÃ¡ng.,"
5,"TÃ¹y chá»n mÃ u sáº¯c tuyá»‡t vá»i., HÃ¬nh thÃªu táº¡o Ä‘iá»ƒm nháº¥n thá»i trang., HoÃ n háº£o cho phong cÃ¡ch thá»i trang!, Thiáº¿t káº¿ rÃ¡ch ráº¥t Ä‘áº¹p!,"
5,"quáº§n quÃ¡ okokokokokok okokokokokokokkokkkookkokokokkokQuáº§n jean Ä‘a nÄƒng cho má»i dá»‹p., Váº£i co giÃ£n ráº¥t tá»‘t!, Quáº§n jean cháº¥t lÆ°á»£ng tuyá»‡t vá»i!, GiÃ¡ cáº£ pháº£i chÄƒng, xá»©ng Ä‘Ã¡ng!,"
5,Cháº¥t liá»‡u:ok  KÃ­ch cá»¡:ok  MÃ u sáº¯c:ok  Kiá»ƒu dÃ¡ng:ok  Chiá»u ca&CÃ¢n náº·ng:ok okokokokokokokokokokokokokokokook
1,Má»i ngÆ°á»i ko nÃªn mua lÃ m Äƒn ko uy tÃ­n ko Ä‘Ã¹ng size láº¡i ko nhÆ° quáº£ng cÃ¡o
5,"Giao hÃ ng nhanh, cháº¥t dÃ y dáº·n, size chuáº©n, form Ä‘áº¹p, hÃ ng vá» tá»›i tay so vá» giÃ¡ quÃ¡ ráº» mÃ  Ä‘áº¹p xinh. CÃ¡m Æ¡n shop nhÃ©."
5,"Quáº§n short nÃ y lÃ m cho chÃ¢n tÃ´i trÃ´ng tuyá»‡t vá»i!, Cháº¥t liá»‡u cá»§a quáº§n ráº¥t thoáº£i mÃ¡i vÃ  co giÃ£n., Cháº¥t lÆ°á»£ng cá»§a quáº§n short nÃ y ráº¥t áº¥n tÆ°á»£ng!, Thiáº¿t káº¿ Ä‘á»™c Ä‘Ã¡o vá»›i Ä‘á»™ cao vá»«a pháº£i!,"
5,"Giao hÃ ng Ä‘Ãºng mÃ u, cÃºc hÆ¡i khÃ¡c chÃºt vÃ  Ä‘á»™ dÃ i cÅ©ng dÃ i hÆ¡n nhÆ°ng so vá»›i giÃ¡ tiá»n thÃ¬ ráº¥t ok áº¡. Váº£i dÃ y dáº·n Ä‘á»™ co giÃ£n Ã­t"
5,"sáº£n pháº©m y nhÆ° hÃ¬nh, cháº¥t liá»‡u jean cÅ©ng dÃ y vÃ  Ä‘Æ°á»£c. phom dÃ¡ng chÆ°a máº·c nÃªn chÆ°a biáº¿t"
5,"Ä‘á»“ tá»‘t, váº£i tá»‘t, khÃ´ng nhÄƒn láº¯m, giao hÃ ng Ä‘Ã³ng gÃ³i cáº©n tháº­n, shipper thÃ¢n thiá»‡n, 5 sao cho shop nhe!"
5,"Ráº¥t OK. Váº£i jeans cao cáº¥p, ráº¥t bá»n., ThÃ­ch thiáº¿t káº¿ rá»™ng rÃ£i vÃ  Ã´m suÃ´ng!, Tuyá»‡t vá»i cho má»i mÃ¹a., HoÃ n tiá»n 15% tháº­t tuyá»‡t vá»i!, HoÃ n háº£o cho váº» ngoÃ i thá»i trang vÃ  thoáº£i mÃ¡i., ThÃ­ch thiáº¿t káº¿ rá»™ng rÃ£i vÃ  Ã´m suÃ´ng!, Tuyá»‡t vá»i cho má»i mÃ¹a.,"
5,sá»‹ttatYsjshshshfsfhstjstjstjstjsfjFhFhHfFhHfHfHfFhzhfzhfzhfzhfzhfHfFhFHfzhfzfhzfhzjfzjfzjgzgjzjgzjtstjstjsjgsstjzjtsjgsjtsjsjsjsjsjsjgsjzjgsiy
5,Cháº¥t liá»‡u:ok  KÃ­ch cá»¡:ok  MÃ u sáº¯c:ok  Kiá»ƒu dÃ¡ng:ok  Chiá»u ca&CÃ¢n náº·ng:ok
5,quáº§n nhÆ° sit cÃ¡c bn ko nÃªn mua nhÃ©
5,"Cháº¥t liá»‡u:táº¡m á»•n,   KÃ­ch cá»¡:oke  MÃ u sáº¯c:oke  Kiá»ƒu dÃ¡ng:oke  Chiá»u ca&CÃ¢n náº·ng:oke"
5,"Quáº§n jeans linh hoáº¡t cho máº·c hÃ ng ngÃ y, MÃ u giáº·t trung tÃ­nh táº¡o váº» thá»i trang, MÃ³n quÃ  lÃ½ tÆ°á»Ÿng cho báº¡n bÃ¨ vÃ  gia Ä‘Ã¬nh,"
5,"MÃ u giáº·t trung tÃ­nh táº¡o váº» thá»i trang, MÃ³n quÃ  lÃ½ tÆ°á»Ÿng cho báº¡n bÃ¨ vÃ  gia Ä‘Ã¬nh, Quáº§n jeans linh hoáº¡t cho máº·c hÃ ng ngÃ y,"
5,Chiá»u ca&CÃ¢n náº·ng:   OK láº¯m Nga OK OK OK OK. Hhjjjjjvfffgghjjkkkioooo nnnnbbbbbbb
1,"I am not satisfied with the material. low quality, the colour is washed and wool coming out already.please I want to return it  Material:zero  Size:okay  Color :zero  Design/Form:okay  Height & Weight:okay"
5,"ÄÃ¡ng Ä‘á»“ng tiá»n bÃ¡t gáº¡o, tÃ´i muá»‘n Ä‘áº·t hÃ ng vÃ  mua má»™t chiáº¿c khÃ¡c, tÃ´i muá»‘n giá»¯ nÃ³ lÃ m phá»¥"
5,"Sp vá»«a nháº­n cá»§a shop nÃ¨ , Ä‘áº¹p quÃ¡ nha , váº£i dÃ y láº¯m giao hÃ ng nhanh tÆ° váº¥n nhiá»‡t tÃ¬nh khá»i chÃª"
5,"cÅ©m Ä‘c ..........................,..................!"
5,hÃ´m trÆ°á»›c cÃ³ mua mÃ u xanh rá»“i. giá» mÃ¹a theem mÃ u Ä‘en siÃªu Æ°ng Ã½
5,mua hÃ ng cá»§a shop 2 láº§n Ä‘á»u Æ°ng Ã½
5,Cháº¥t liá»‡u:váº£i  KÃ­ch cá»¡:rá»™ng  MÃ u sáº¯c:Ä‘en   Chiá»u ca&CÃ¢n náº·ng:1m57 52kg quáº§n Ä‘áº¹p láº¯m nha
5,"Cháº¥t liá»‡u:jean co giÃ£n   MÃ u sáº¯c:Ä‘áº­m  Kiá»ƒu dÃ¡ng:ok Váº£i co giÃ£n cho sá»± vá»«a váº·n hoÃ n háº£o,"
5,quáº§n ráº¥t Ä‘áº¹p
